<?xml version="1.0" encoding="UTF-8"?>
<robot generated="20150310 17:36:42.457" generator="Robot 2.8.6 (Python 2.7.3 on darwin)">
<suite source="/Users/cocoon/Documents/hgclones/droyd/droydserver/demo/rf_phone_demo.robot" id="s1" name="Rf Phone Demo">
<kw type="setup" name="unit setup devices">
<doc>get connected devices and set Alice and Bob</doc>
<arguments>
</arguments>
<msg timestamp="20150310 17:36:42.622" level="TRACE">Arguments: [  ]</msg>
<kw type="kw" name="@{devices} = droydserver.robot_plugin.Pilot.Adb Devices">
<doc>    list of android connected devices</doc>
<arguments>
</arguments>
<msg timestamp="20150310 17:36:42.623" level="TRACE">Arguments: [  ]</msg>
<msg timestamp="20150310 17:36:42.645" level="TRACE">Return: [['95d03672', 'device'], ['0a9b2e63', 'device']]</msg>
<msg timestamp="20150310 17:36:42.646" level="INFO">@{devices} = [ ['95d03672', 'device'] | ['0a9b2e63', 'device'] ]</msg>
<status status="PASS" endtime="20150310 17:36:42.645" starttime="20150310 17:36:42.623"></status>
</kw>
<kw type="kw" name="BuiltIn.Log Many">
<doc>Logs the given messages as separate entries using the INFO level.</doc>
<arguments>
<arg>@{devices}</arg>
</arguments>
<msg timestamp="20150310 17:36:42.647" level="TRACE">Arguments: [ ['95d03672', 'device'] | ['0a9b2e63', 'device'] ]</msg>
<msg timestamp="20150310 17:36:42.648" level="INFO">['95d03672', 'device']</msg>
<msg timestamp="20150310 17:36:42.648" level="INFO">['0a9b2e63', 'device']</msg>
<msg timestamp="20150310 17:36:42.648" level="TRACE">Return: None</msg>
<status status="PASS" endtime="20150310 17:36:42.648" starttime="20150310 17:36:42.647"></status>
</kw>
<kw type="kw" name="BuiltIn.Log Many">
<doc>Logs the given messages as separate entries using the INFO level.</doc>
<arguments>
<arg>${devices}</arg>
</arguments>
<msg timestamp="20150310 17:36:42.649" level="TRACE">Arguments: [ [['95d03672', 'device'], ['0a9b2e63', 'device']] ]</msg>
<msg timestamp="20150310 17:36:42.649" level="INFO">[['95d03672', 'device'], ['0a9b2e63', 'device']]</msg>
<msg timestamp="20150310 17:36:42.650" level="TRACE">Return: None</msg>
<status status="PASS" endtime="20150310 17:36:42.649" starttime="20150310 17:36:42.649"></status>
</kw>
<kw type="kw" name="${no_devices} = BuiltIn.Run Keyword And Return Status">
<doc>Runs the given keyword with given arguments and returns the status as a Boolean value.</doc>
<arguments>
<arg>Should be empty</arg>
<arg>${devices}</arg>
</arguments>
<msg timestamp="20150310 17:36:42.650" level="TRACE">Arguments: [ u'Should be empty' | u'${devices}' ]</msg>
<kw type="kw" name="BuiltIn.Should Be Empty">
<doc>Verifies that the given item is empty.</doc>
<arguments>
<arg>${devices}</arg>
</arguments>
<msg timestamp="20150310 17:36:42.651" level="TRACE">Arguments: [ [['95d03672', 'device'], ['0a9b2e63', 'device']] ]</msg>
<msg timestamp="20150310 17:36:42.651" level="INFO">Length is 2</msg>
<msg timestamp="20150310 17:36:42.654" level="FAIL">'[['95d03672', 'device'], ['0a9b2e63', 'device']]' should be empty.</msg>
<msg timestamp="20150310 17:36:42.655" level="DEBUG">Traceback (most recent call last):
  File "/Users/cocoon/Virtualenvs/dummy/lib/python2.7/site-packages/robot/libraries/BuiltIn.py", line 897, in should_be_empty
    raise AssertionError(msg or "'%s' should be empty." % item)</msg>
<status status="FAIL" endtime="20150310 17:36:42.655" starttime="20150310 17:36:42.651"></status>
</kw>
<msg timestamp="20150310 17:36:42.656" level="TRACE">Return: False</msg>
<msg timestamp="20150310 17:36:42.656" level="INFO">${no_devices} = False</msg>
<status status="PASS" endtime="20150310 17:36:42.655" starttime="20150310 17:36:42.650"></status>
</kw>
<kw type="kw" name="BuiltIn.Run Keyword If">
<doc>Runs the given keyword with the given arguments, if `condition` is true.</doc>
<arguments>
<arg>${no_devices}</arg>
<arg>Fail</arg>
<arg>no connected devices</arg>
</arguments>
<msg timestamp="20150310 17:36:42.657" level="TRACE">Arguments: [ False | u'Fail' | u'no connected devices' ]</msg>
<msg timestamp="20150310 17:36:42.657" level="TRACE">Return: None</msg>
<status status="PASS" endtime="20150310 17:36:42.657" starttime="20150310 17:36:42.657"></status>
</kw>
<kw type="kw" name="${number_of_connected_devices} = BuiltIn.Get Length">
<doc>Returns and logs the length of the given item.</doc>
<arguments>
<arg>${devices}</arg>
</arguments>
<msg timestamp="20150310 17:36:42.658" level="TRACE">Arguments: [ [['95d03672', 'device'], ['0a9b2e63', 'device']] ]</msg>
<msg timestamp="20150310 17:36:42.658" level="INFO">Length is 2</msg>
<msg timestamp="20150310 17:36:42.659" level="TRACE">Return: 2</msg>
<msg timestamp="20150310 17:36:42.659" level="INFO">${number_of_connected_devices} = 2</msg>
<status status="PASS" endtime="20150310 17:36:42.659" starttime="20150310 17:36:42.658"></status>
</kw>
<kw type="kw" name="${number_of_connected_devices}, ${device_names}, ${device_status}, ${tags} = droydserver.robot_plugin.Pilot.Scan Devices">
<doc>    list the connected devices and return info (list)</doc>
<arguments>
</arguments>
<msg timestamp="20150310 17:36:42.660" level="TRACE">Arguments: [  ]</msg>
<msg timestamp="20150310 17:36:42.682" level="TRACE">Return: (2, ['95d03672', '0a9b2e63'], ['device', 'device'], ['user0', 'user1'])</msg>
<msg timestamp="20150310 17:36:42.683" level="INFO">${number_of_connected_devices} = 2</msg>
<msg timestamp="20150310 17:36:42.683" level="INFO">${device_names} = ['95d03672', '0a9b2e63']</msg>
<msg timestamp="20150310 17:36:42.683" level="INFO">${device_status} = ['device', 'device']</msg>
<msg timestamp="20150310 17:36:42.683" level="INFO">${tags} = ['user0', 'user1']</msg>
<status status="PASS" endtime="20150310 17:36:42.682" starttime="20150310 17:36:42.659"></status>
</kw>
<kw type="kw" name="BuiltIn.Run Keyword If">
<doc>Runs the given keyword with the given arguments, if `condition` is true.</doc>
<arguments>
<arg>${number_of_connected_devices}==${0}</arg>
<arg>Fail</arg>
<arg>no connected devices</arg>
</arguments>
<msg timestamp="20150310 17:36:42.685" level="TRACE">Arguments: [ u'2==0' | u'Fail' | u'no connected devices' ]</msg>
<msg timestamp="20150310 17:36:42.685" level="TRACE">Return: None</msg>
<status status="PASS" endtime="20150310 17:36:42.685" starttime="20150310 17:36:42.684"></status>
</kw>
<kw type="kw" name="BuiltIn.Remove Tags">
<doc>Removes given `tags` from the current test or all tests in a suite.</doc>
<arguments>
<arg>user1</arg>
</arguments>
<msg timestamp="20150310 17:36:42.688" level="TRACE">Arguments: [ u'user1' ]</msg>
<msg timestamp="20150310 17:36:42.688" level="INFO">Removed tag 'user1'.</msg>
<msg timestamp="20150310 17:36:42.688" level="TRACE">Return: None</msg>
<status status="PASS" endtime="20150310 17:36:42.688" starttime="20150310 17:36:42.687"></status>
</kw>
<kw type="kw" name="BuiltIn.Set Suite Variable">
<doc>Makes a variable available everywhere within the scope of the current suite.</doc>
<arguments>
<arg>${Alice}</arg>
<arg>${device_names[0]}</arg>
</arguments>
<msg timestamp="20150310 17:36:42.689" level="TRACE">Arguments: [ u'${Alice}' | u'${device_names[0]}' ]</msg>
<msg timestamp="20150310 17:36:42.690" level="INFO">${Alice} = 95d03672</msg>
<msg timestamp="20150310 17:36:42.690" level="TRACE">Return: None</msg>
<status status="PASS" endtime="20150310 17:36:42.690" starttime="20150310 17:36:42.689"></status>
</kw>
<kw type="kw" name="BuiltIn.Run Keyword If">
<doc>Runs the given keyword with the given arguments, if `condition` is true.</doc>
<arguments>
<arg>${number_of_connected_devices}==${2}</arg>
<arg>Set Suite Variable</arg>
<arg>${Bob}</arg>
<arg>${device_names[1]}</arg>
</arguments>
<msg timestamp="20150310 17:36:42.691" level="TRACE">Arguments: [ u'2==2' | u'Set Suite Variable' | u'${Bob}' | u'${device_names[1]}' ]</msg>
<kw type="kw" name="BuiltIn.Set Suite Variable">
<doc>Makes a variable available everywhere within the scope of the current suite.</doc>
<arguments>
<arg>${Bob}</arg>
<arg>${device_names[1]}</arg>
</arguments>
<msg timestamp="20150310 17:36:42.691" level="TRACE">Arguments: [ u'${Bob}' | u'${device_names[1]}' ]</msg>
<msg timestamp="20150310 17:36:42.692" level="INFO">${Bob} = 0a9b2e63</msg>
<msg timestamp="20150310 17:36:42.692" level="TRACE">Return: None</msg>
<status status="PASS" endtime="20150310 17:36:42.692" starttime="20150310 17:36:42.691"></status>
</kw>
<msg timestamp="20150310 17:36:42.692" level="TRACE">Return: None</msg>
<status status="PASS" endtime="20150310 17:36:42.692" starttime="20150310 17:36:42.690"></status>
</kw>
<kw type="kw" name="BuiltIn.Run Keyword If">
<doc>Runs the given keyword with the given arguments, if `condition` is true.</doc>
<arguments>
<arg>${number_of_connected_devices}==${2}</arg>
<arg>set tags</arg>
<arg>user1</arg>
</arguments>
<msg timestamp="20150310 17:36:42.693" level="TRACE">Arguments: [ u'2==2' | u'set tags' | u'user1' ]</msg>
<kw type="kw" name="BuiltIn.Set Tags">
<doc>Adds given `tags` for the current test or all tests in a suite.</doc>
<arguments>
<arg>user1</arg>
</arguments>
<msg timestamp="20150310 17:36:42.694" level="TRACE">Arguments: [ u'user1' ]</msg>
<msg timestamp="20150310 17:36:42.694" level="INFO">Set tag 'user1'.</msg>
<msg timestamp="20150310 17:36:42.694" level="TRACE">Return: None</msg>
<status status="PASS" endtime="20150310 17:36:42.694" starttime="20150310 17:36:42.694"></status>
</kw>
<msg timestamp="20150310 17:36:42.695" level="TRACE">Return: None</msg>
<status status="PASS" endtime="20150310 17:36:42.695" starttime="20150310 17:36:42.693"></status>
</kw>
<msg timestamp="20150310 17:36:42.695" level="TRACE">Return: None</msg>
<status status="PASS" endtime="20150310 17:36:42.695" starttime="20150310 17:36:42.622"></status>
</kw>
<test id="s1-t1" name="connected devices">
<kw type="kw" name="Macro adb devices">
<doc>unlock screen if necessary</doc>
<arguments>
</arguments>
<msg timestamp="20150310 17:36:42.698" level="TRACE">Arguments: [  ]</msg>
<kw type="kw" name="${devices} = droydserver.robot_plugin.Pilot.Adb Devices">
<doc>    list of android connected devices</doc>
<arguments>
</arguments>
<msg timestamp="20150310 17:36:42.699" level="TRACE">Arguments: [  ]</msg>
<msg timestamp="20150310 17:36:42.722" level="TRACE">Return: [['95d03672', 'device'], ['0a9b2e63', 'device']]</msg>
<msg timestamp="20150310 17:36:42.723" level="INFO">${devices} = [['95d03672', 'device'], ['0a9b2e63', 'device']]</msg>
<status status="PASS" endtime="20150310 17:36:42.722" starttime="20150310 17:36:42.699"></status>
</kw>
<kw type="kw" name="Collections.Log List">
<doc>Logs the length and contents of the `list` using given `level`.</doc>
<arguments>
<arg>${devices}</arg>
</arguments>
<msg timestamp="20150310 17:36:42.724" level="TRACE">Arguments: [ [['95d03672', 'device'], ['0a9b2e63', 'device']] ]</msg>
<msg timestamp="20150310 17:36:42.724" level="INFO">List length is 2 and it contains following items:
0: ['95d03672', 'device']
1: ['0a9b2e63', 'device']</msg>
<msg timestamp="20150310 17:36:42.725" level="TRACE">Return: None</msg>
<status status="PASS" endtime="20150310 17:36:42.725" starttime="20150310 17:36:42.723"></status>
</kw>
<kw type="kw" name="BuiltIn.Return From Keyword">
<doc>Returns from the enclosing user keyword.</doc>
<arguments>
<arg>${devices}</arg>
</arguments>
<msg timestamp="20150310 17:36:42.725" level="TRACE">Arguments: [ u'${devices}' ]</msg>
<msg timestamp="20150310 17:36:42.726" level="INFO">Returning from the enclosing user keyword.</msg>
<status status="PASS" endtime="20150310 17:36:42.726" starttime="20150310 17:36:42.725"></status>
</kw>
<msg timestamp="20150310 17:36:42.727" level="TRACE">Return: [['95d03672', 'device'], ['0a9b2e63', 'device']]</msg>
<status status="PASS" endtime="20150310 17:36:42.727" starttime="20150310 17:36:42.698"></status>
</kw>
<doc>list connected devices</doc>
<tags>
<tag>base</tag>
<tag>user1</tag>
</tags>
<status status="PASS" endtime="20150310 17:36:42.727" critical="yes" starttime="20150310 17:36:42.696"></status>
</test>
<test id="s1-t2" name="simple_call">
<kw type="kw" name="Unit Simple Call">
<doc>A call B,B answers,A hangup</doc>
<arguments>
<arg>${Alice}</arg>
<arg>${Bob}</arg>
<arg>${Bob_number}</arg>
</arguments>
<msg timestamp="20150310 17:36:42.732" level="TRACE">Arguments: [ ${userA}='95d03672' | ${userB}='0a9b2e63' | ${number}=u'0631339829' | ${sleep}=u'2' ]</msg>
<kw type="kw" name="droydserver.robot_plugin.Pilot.Open Session">
<doc>:param device_ids:</doc>
<arguments>
<arg>${userA}</arg>
<arg>${userB}</arg>
</arguments>
<msg timestamp="20150310 17:36:42.733" level="TRACE">Arguments: [ '95d03672' | '0a9b2e63' ]</msg>
<msg timestamp="20150310 17:36:42.894" level="TRACE">Return: None</msg>
<status status="PASS" endtime="20150310 17:36:42.893" starttime="20150310 17:36:42.733"></status>
</kw>
<kw type="kw" name="Macro Home">
<doc>return to home screen</doc>
<arguments>
<arg>${userA}</arg>
</arguments>
<msg timestamp="20150310 17:36:42.896" level="TRACE">Arguments: [ ${user}='95d03672' ]</msg>
<kw type="kw" name="Macro Unlock Screen">
<doc>unlock screen if necessary</doc>
<arguments>
<arg>${user}</arg>
</arguments>
<msg timestamp="20150310 17:36:42.897" level="TRACE">Arguments: [ ${user}='95d03672' ]</msg>
<kw type="kw" name="droydserver.robot_plugin.Pilot.Turn On Screen">
<doc>            </doc>
<arguments>
<arg>${user}</arg>
</arguments>
<msg timestamp="20150310 17:36:42.898" level="TRACE">Arguments: [ '95d03672' ]</msg>
<msg timestamp="20150310 17:36:44.279" level="TRACE">Return: None</msg>
<status status="PASS" endtime="20150310 17:36:44.279" starttime="20150310 17:36:42.897"></status>
</kw>
<kw type="kw" name="${device_info} = droydserver.robot_plugin.Pilot.Get Device Info">
<doc>            </doc>
<arguments>
<arg>${user}</arg>
</arguments>
<msg timestamp="20150310 17:36:44.282" level="TRACE">Arguments: [ '95d03672' ]</msg>
<msg timestamp="20150310 17:36:44.621" level="TRACE">Return: {u'displayRotation': 0, u'displaySizeDpY': 640, u'displaySizeDpX': 360, u'displayWidth': 1080, u'productName': u'kccat6xx', u'currentPackageName': u'com.sec.android.app.launcher', u'sdkInt': 19, u'displayHeight': 1920, u'naturalOrientation': True}</msg>
<msg timestamp="20150310 17:36:44.621" level="INFO">${device_info} = {u'displayRotation': 0, u'displaySizeDpY': 640, u'displaySizeDpX': 360, u'displayWidth': 1080, u'productName': u'kccat6xx', u'currentPackageName': u'com.sec.android.app.launcher', u'sdkInt': 19, u'dis...</msg>
<status status="PASS" endtime="20150310 17:36:44.621" starttime="20150310 17:36:44.281"></status>
</kw>
<kw type="kw" name="${package_name} = Collections.Get From Dictionary">
<doc>Returns a value from the given `dictionary` based on the given `key`.</doc>
<arguments>
<arg>${device_info}</arg>
<arg>currentPackageName</arg>
</arguments>
<msg timestamp="20150310 17:36:44.622" level="TRACE">Arguments: [ {u'displayRotation': 0, u'displaySizeDpY': 640, u'displaySizeDpX': 360, u'displayWidth': 1080, u'productName': u'kccat6xx', u'currentPackageName': u'com.sec.android.app.launcher', u'sdkInt': 19, u'displayHeight': 1920, u'naturalOrientation': True} | u'currentPackageName' ]</msg>
<msg timestamp="20150310 17:36:44.623" level="TRACE">Return: u'com.sec.android.app.launcher'</msg>
<msg timestamp="20150310 17:36:44.623" level="INFO">${package_name} = com.sec.android.app.launcher</msg>
<status status="PASS" endtime="20150310 17:36:44.623" starttime="20150310 17:36:44.622"></status>
</kw>
<kw type="kw" name="BuiltIn.Log">
<doc>Logs the given message with the given level.</doc>
<arguments>
<arg>${package_name}</arg>
</arguments>
<msg timestamp="20150310 17:36:44.624" level="TRACE">Arguments: [ u'com.sec.android.app.launcher' ]</msg>
<msg timestamp="20150310 17:36:44.624" level="INFO">com.sec.android.app.launcher</msg>
<msg timestamp="20150310 17:36:44.624" level="TRACE">Return: None</msg>
<status status="PASS" endtime="20150310 17:36:44.624" starttime="20150310 17:36:44.623"></status>
</kw>
<kw type="kw" name="BuiltIn.Return From Keyword If">
<doc>Returns from the enclosing user keyword if `condition` is true.</doc>
<arguments>
<arg>'${package_name}' != 'com.android.keyguard'</arg>
</arguments>
<msg timestamp="20150310 17:36:44.625" level="TRACE">Arguments: [ u"'com.sec.android.app.launcher' != 'com.android.keyguard'" ]</msg>
<msg timestamp="20150310 17:36:44.625" level="INFO">Returning from the enclosing user keyword.</msg>
<status status="PASS" endtime="20150310 17:36:44.626" starttime="20150310 17:36:44.625"></status>
</kw>
<msg timestamp="20150310 17:36:44.626" level="TRACE">Return: None</msg>
<status status="PASS" endtime="20150310 17:36:44.626" starttime="20150310 17:36:42.896"></status>
</kw>
<kw type="kw" name="droydserver.robot_plugin.Pilot.Press Home">
<doc>            </doc>
<arguments>
<arg>${user}</arg>
</arguments>
<msg timestamp="20150310 17:36:44.627" level="TRACE">Arguments: [ '95d03672' ]</msg>
<msg timestamp="20150310 17:36:45.665" level="TRACE">Return: None</msg>
<status status="PASS" endtime="20150310 17:36:45.665" starttime="20150310 17:36:44.627"></status>
</kw>
<kw type="kw" name="droydserver.robot_plugin.Pilot.Press Home">
<doc>            </doc>
<arguments>
<arg>${user}</arg>
</arguments>
<msg timestamp="20150310 17:36:45.666" level="TRACE">Arguments: [ '95d03672' ]</msg>
<msg timestamp="20150310 17:36:46.685" level="TRACE">Return: None</msg>
<status status="PASS" endtime="20150310 17:36:46.685" starttime="20150310 17:36:45.666"></status>
</kw>
<msg timestamp="20150310 17:36:46.686" level="TRACE">Return: None</msg>
<status status="PASS" endtime="20150310 17:36:46.686" starttime="20150310 17:36:42.895"></status>
</kw>
<kw type="kw" name="Macro Quick Launch Phone">
<doc>launch phone application from home screen with hot key</doc>
<arguments>
<arg>${userA}</arg>
</arguments>
<msg timestamp="20150310 17:36:46.688" level="TRACE">Arguments: [ ${user}='95d03672' ]</msg>
<kw type="kw" name="droydserver.robot_plugin.Pilot.Click">
<doc>            </doc>
<arguments>
<arg>${user}</arg>
<arg>className=android.widget.TextView</arg>
<arg>packageName=com.sec.android.app.launcher</arg>
<arg>text=Phone</arg>
</arguments>
<msg timestamp="20150310 17:36:46.689" level="TRACE">Arguments: [ '95d03672' | className=u'android.widget.TextView' | text=u'Phone' | packageName=u'com.sec.android.app.launcher' ]</msg>
<msg timestamp="20150310 17:36:47.134" level="TRACE">Return: None</msg>
<status status="PASS" endtime="20150310 17:36:47.133" starttime="20150310 17:36:46.689"></status>
</kw>
<msg timestamp="20150310 17:36:47.135" level="TRACE">Return: None</msg>
<status status="PASS" endtime="20150310 17:36:47.135" starttime="20150310 17:36:46.687"></status>
</kw>
<kw type="kw" name="Macro Phone Keypad">
<doc>select keypad in phone application</doc>
<arguments>
<arg>${userA}</arg>
</arguments>
<msg timestamp="20150310 17:36:47.137" level="TRACE">Arguments: [ ${user}='95d03672' ]</msg>
<kw type="kw" name="droydserver.robot_plugin.Pilot.Click">
<doc>            </doc>
<arguments>
<arg>${user}</arg>
<arg>className=android.app.ActionBar$Tab</arg>
<arg>packageName=com.android.contacts</arg>
<arg>index=0</arg>
</arguments>
<msg timestamp="20150310 17:36:47.138" level="TRACE">Arguments: [ '95d03672' | className=u'android.app.ActionBar$Tab' | index=u'0' | packageName=u'com.android.contacts' ]</msg>
<msg timestamp="20150310 17:36:48.640" level="TRACE">Return: None</msg>
<status status="PASS" endtime="20150310 17:36:48.639" starttime="20150310 17:36:47.138"></status>
</kw>
<msg timestamp="20150310 17:36:48.641" level="TRACE">Return: None</msg>
<status status="PASS" endtime="20150310 17:36:48.641" starttime="20150310 17:36:47.136"></status>
</kw>
<kw type="kw" name="Macro Phone dial number">
<doc>dial number when in phone.keypad</doc>
<arguments>
<arg>${userA}</arg>
<arg>${number}</arg>
</arguments>
<msg timestamp="20150310 17:36:48.643" level="TRACE">Arguments: [ ${user}='95d03672' | ${number}=u'0631339829' ]</msg>
<kw type="kw" name="droydserver.robot_plugin.Pilot.Long Click">
<doc>            </doc>
<arguments>
<arg>${user}</arg>
<arg>resourceId=com.android.contacts:id/digits</arg>
</arguments>
<msg timestamp="20150310 17:36:48.644" level="TRACE">Arguments: [ '95d03672' | resourceId=u'com.android.contacts:id/digits' ]</msg>
<msg timestamp="20150310 17:36:50.458" level="TRACE">Return: None</msg>
<status status="PASS" endtime="20150310 17:36:50.458" starttime="20150310 17:36:48.644"></status>
</kw>
<kw type="kw" name="droydserver.robot_plugin.Pilot.Click">
<doc>            </doc>
<arguments>
<arg>${user}</arg>
<arg>resourceId=com.android.contacts:id/deleteButton</arg>
</arguments>
<msg timestamp="20150310 17:36:50.460" level="TRACE">Arguments: [ '95d03672' | resourceId=u'com.android.contacts:id/deleteButton' ]</msg>
<msg timestamp="20150310 17:36:54.233" level="TRACE">Return: None</msg>
<status status="PASS" endtime="20150310 17:36:54.233" starttime="20150310 17:36:50.459"></status>
</kw>
<kw type="kw" name="droydserver.robot_plugin.Pilot.Set Text">
<doc>            </doc>
<arguments>
<arg>${user}</arg>
<arg>input_text=${number}</arg>
<arg>resourceId=com.android.contacts:id/digits</arg>
</arguments>
<msg timestamp="20150310 17:36:54.235" level="TRACE">Arguments: [ '95d03672' | resourceId=u'com.android.contacts:id/digits' | input_text=u'0631339829' ]</msg>
<msg timestamp="20150310 17:36:57.153" level="TRACE">Return: None</msg>
<status status="PASS" endtime="20150310 17:36:57.152" starttime="20150310 17:36:54.234"></status>
</kw>
<kw type="kw" name="droydserver.robot_plugin.Pilot.Click">
<doc>            </doc>
<arguments>
<arg>${user}</arg>
<arg>resourceId=com.android.contacts:id/dialButton</arg>
</arguments>
<msg timestamp="20150310 17:36:57.154" level="TRACE">Arguments: [ '95d03672' | resourceId=u'com.android.contacts:id/dialButton' ]</msg>
<msg timestamp="20150310 17:36:58.216" level="TRACE">Return: None</msg>
<status status="PASS" endtime="20150310 17:36:58.216" starttime="20150310 17:36:57.154"></status>
</kw>
<msg timestamp="20150310 17:36:58.217" level="TRACE">Return: None</msg>
<status status="PASS" endtime="20150310 17:36:58.217" starttime="20150310 17:36:48.642"></status>
</kw>
<kw type="kw" name="Macro Home">
<doc>return to home screen</doc>
<arguments>
<arg>${userB}</arg>
</arguments>
<msg timestamp="20150310 17:36:58.218" level="TRACE">Arguments: [ ${user}='0a9b2e63' ]</msg>
<kw type="kw" name="Macro Unlock Screen">
<doc>unlock screen if necessary</doc>
<arguments>
<arg>${user}</arg>
</arguments>
<msg timestamp="20150310 17:36:58.219" level="TRACE">Arguments: [ ${user}='0a9b2e63' ]</msg>
<kw type="kw" name="droydserver.robot_plugin.Pilot.Turn On Screen">
<doc>            </doc>
<arguments>
<arg>${user}</arg>
</arguments>
<msg timestamp="20150310 17:36:58.220" level="TRACE">Arguments: [ '0a9b2e63' ]</msg>
<msg timestamp="20150310 17:36:59.779" level="TRACE">Return: None</msg>
<status status="PASS" endtime="20150310 17:36:59.778" starttime="20150310 17:36:58.219"></status>
</kw>
<kw type="kw" name="${device_info} = droydserver.robot_plugin.Pilot.Get Device Info">
<doc>            </doc>
<arguments>
<arg>${user}</arg>
</arguments>
<msg timestamp="20150310 17:36:59.781" level="TRACE">Arguments: [ '0a9b2e63' ]</msg>
<msg timestamp="20150310 17:37:00.564" level="TRACE">Return: {u'displayRotation': 0, u'displaySizeDpY': 640, u'displaySizeDpX': 360, u'displayWidth': 1080, u'productName': u'kccat6xx', u'currentPackageName': u'com.sec.android.app.launcher', u'sdkInt': 19, u'displayHeight': 1920, u'naturalOrientation': True}</msg>
<msg timestamp="20150310 17:37:00.565" level="INFO">${device_info} = {u'displayRotation': 0, u'displaySizeDpY': 640, u'displaySizeDpX': 360, u'displayWidth': 1080, u'productName': u'kccat6xx', u'currentPackageName': u'com.sec.android.app.launcher', u'sdkInt': 19, u'dis...</msg>
<status status="PASS" endtime="20150310 17:37:00.564" starttime="20150310 17:36:59.781"></status>
</kw>
<kw type="kw" name="${package_name} = Collections.Get From Dictionary">
<doc>Returns a value from the given `dictionary` based on the given `key`.</doc>
<arguments>
<arg>${device_info}</arg>
<arg>currentPackageName</arg>
</arguments>
<msg timestamp="20150310 17:37:00.567" level="TRACE">Arguments: [ {u'displayRotation': 0, u'displaySizeDpY': 640, u'displaySizeDpX': 360, u'displayWidth': 1080, u'productName': u'kccat6xx', u'currentPackageName': u'com.sec.android.app.launcher', u'sdkInt': 19, u'displayHeight': 1920, u'naturalOrientation': True} | u'currentPackageName' ]</msg>
<msg timestamp="20150310 17:37:00.567" level="TRACE">Return: u'com.sec.android.app.launcher'</msg>
<msg timestamp="20150310 17:37:00.568" level="INFO">${package_name} = com.sec.android.app.launcher</msg>
<status status="PASS" endtime="20150310 17:37:00.567" starttime="20150310 17:37:00.566"></status>
</kw>
<kw type="kw" name="BuiltIn.Log">
<doc>Logs the given message with the given level.</doc>
<arguments>
<arg>${package_name}</arg>
</arguments>
<msg timestamp="20150310 17:37:00.569" level="TRACE">Arguments: [ u'com.sec.android.app.launcher' ]</msg>
<msg timestamp="20150310 17:37:00.569" level="INFO">com.sec.android.app.launcher</msg>
<msg timestamp="20150310 17:37:00.569" level="TRACE">Return: None</msg>
<status status="PASS" endtime="20150310 17:37:00.569" starttime="20150310 17:37:00.568"></status>
</kw>
<kw type="kw" name="BuiltIn.Return From Keyword If">
<doc>Returns from the enclosing user keyword if `condition` is true.</doc>
<arguments>
<arg>'${package_name}' != 'com.android.keyguard'</arg>
</arguments>
<msg timestamp="20150310 17:37:00.570" level="TRACE">Arguments: [ u"'com.sec.android.app.launcher' != 'com.android.keyguard'" ]</msg>
<msg timestamp="20150310 17:37:00.570" level="INFO">Returning from the enclosing user keyword.</msg>
<status status="PASS" endtime="20150310 17:37:00.571" starttime="20150310 17:37:00.570"></status>
</kw>
<msg timestamp="20150310 17:37:00.571" level="TRACE">Return: None</msg>
<status status="PASS" endtime="20150310 17:37:00.571" starttime="20150310 17:36:58.218"></status>
</kw>
<kw type="kw" name="droydserver.robot_plugin.Pilot.Press Home">
<doc>            </doc>
<arguments>
<arg>${user}</arg>
</arguments>
<msg timestamp="20150310 17:37:00.572" level="TRACE">Arguments: [ '0a9b2e63' ]</msg>
<msg timestamp="20150310 17:37:00.996" level="TRACE">Return: None</msg>
<status status="PASS" endtime="20150310 17:37:00.996" starttime="20150310 17:37:00.571"></status>
</kw>
<kw type="kw" name="droydserver.robot_plugin.Pilot.Press Home">
<doc>            </doc>
<arguments>
<arg>${user}</arg>
</arguments>
<msg timestamp="20150310 17:37:00.998" level="TRACE">Arguments: [ '0a9b2e63' ]</msg>
<msg timestamp="20150310 17:37:02.851" level="TRACE">Return: None</msg>
<status status="PASS" endtime="20150310 17:37:02.851" starttime="20150310 17:37:00.997"></status>
</kw>
<msg timestamp="20150310 17:37:02.853" level="TRACE">Return: None</msg>
<status status="PASS" endtime="20150310 17:37:02.853" starttime="20150310 17:36:58.217"></status>
</kw>
<kw type="kw" name="Macro Quick Launch Phone">
<doc>launch phone application from home screen with hot key</doc>
<arguments>
<arg>${userB}</arg>
</arguments>
<msg timestamp="20150310 17:37:02.855" level="TRACE">Arguments: [ ${user}='0a9b2e63' ]</msg>
<kw type="kw" name="droydserver.robot_plugin.Pilot.Click">
<doc>            </doc>
<arguments>
<arg>${user}</arg>
<arg>className=android.widget.TextView</arg>
<arg>packageName=com.sec.android.app.launcher</arg>
<arg>text=Phone</arg>
</arguments>
<msg timestamp="20150310 17:37:02.856" level="TRACE">Arguments: [ '0a9b2e63' | className=u'android.widget.TextView' | text=u'Phone' | packageName=u'com.sec.android.app.launcher' ]</msg>
<msg timestamp="20150310 17:37:03.325" level="TRACE">Return: None</msg>
<status status="PASS" endtime="20150310 17:37:03.325" starttime="20150310 17:37:02.856"></status>
</kw>
<msg timestamp="20150310 17:37:03.326" level="TRACE">Return: None</msg>
<status status="PASS" endtime="20150310 17:37:03.326" starttime="20150310 17:37:02.854"></status>
</kw>
<kw type="kw" name="Macro Phone wait incoming call">
<doc>wait for an incoming call</doc>
<arguments>
<arg>${userB}</arg>
</arguments>
<msg timestamp="20150310 17:37:03.328" level="TRACE">Arguments: [ ${user}='0a9b2e63' | ${timeout}=u'10000' ]</msg>
<kw type="kw" name="${call} = droydserver.robot_plugin.Pilot.Wait For Exists">
<doc>            </doc>
<arguments>
<arg>${user}</arg>
<arg>timeout=${timeout}</arg>
<arg>resourceId=com.android.incallui:id/popup_call_state</arg>
</arguments>
<msg timestamp="20150310 17:37:03.329" level="TRACE">Arguments: [ '0a9b2e63' | resourceId=u'com.android.incallui:id/popup_call_state' | timeout=u'10000' ]</msg>
<msg timestamp="20150310 17:37:14.683" level="TRACE">Return: False</msg>
<msg timestamp="20150310 17:37:14.683" level="INFO">${call} = False</msg>
<status status="PASS" endtime="20150310 17:37:14.682" starttime="20150310 17:37:03.328"></status>
</kw>
<kw type="kw" name="BuiltIn.Return From Keyword If">
<doc>Returns from the enclosing user keyword if `condition` is true.</doc>
<arguments>
<arg>${call} == True</arg>
</arguments>
<msg timestamp="20150310 17:37:14.685" level="TRACE">Arguments: [ u'False == True' ]</msg>
<msg timestamp="20150310 17:37:14.685" level="TRACE">Return: None</msg>
<status status="PASS" endtime="20150310 17:37:14.685" starttime="20150310 17:37:14.684"></status>
</kw>
<kw type="kw" name="BuiltIn.Fail">
<doc>Fails the test with the given message and optionally alters its tags.</doc>
<arguments>
<arg>msg=no incoming call received</arg>
</arguments>
<msg timestamp="20150310 17:37:14.686" level="TRACE">Arguments: [ msg=u'no incoming call received' ]</msg>
<msg timestamp="20150310 17:37:14.687" level="FAIL">no incoming call received</msg>
<msg timestamp="20150310 17:37:14.687" level="DEBUG">Traceback (most recent call last):
  File "/Users/cocoon/Virtualenvs/dummy/lib/python2.7/site-packages/robot/libraries/BuiltIn.py", line 443, in fail
    raise AssertionError(msg) if msg else AssertionError()</msg>
<status status="FAIL" endtime="20150310 17:37:14.687" starttime="20150310 17:37:14.686"></status>
</kw>
<status status="FAIL" endtime="20150310 17:37:14.687" starttime="20150310 17:37:03.327"></status>
</kw>
<kw type="teardown" name="droydserver.robot_plugin.Pilot.Close Session">
<doc>:return:</doc>
<arguments>
</arguments>
<msg timestamp="20150310 17:37:14.688" level="TRACE">Arguments: [  ]</msg>
<msg timestamp="20150310 17:37:14.688" level="TRACE">Return: None</msg>
<status status="PASS" endtime="20150310 17:37:14.688" starttime="20150310 17:37:14.688"></status>
</kw>
<status status="FAIL" endtime="20150310 17:37:14.689" starttime="20150310 17:36:42.730"></status>
</kw>
<doc>userA call userB , userB answers call , sleep 2 , userA hangups</doc>
<tags>
<tag>call</tag>
<tag>phone</tag>
<tag>user1</tag>
</tags>
<status status="FAIL" endtime="20150310 17:37:14.689" critical="yes" starttime="20150310 17:36:42.728">no incoming call received</status>
</test>
<doc>demo for droydhub

export RF_HUB_URL=http://hub.com:5000
pybot -L trace -P ../ rf_native_hub.txt
</doc>
<metadata>
</metadata>
<status status="FAIL" endtime="20150310 17:37:14.690" starttime="20150310 17:36:42.458"></status>
</suite>
<statistics>
<total>
<stat fail="1" pass="1">Critical Tests</stat>
<stat fail="1" pass="1">All Tests</stat>
</total>
<tag>
<stat info="" links="" doc="" combined="" pass="1" fail="0">base</stat>
<stat info="" links="" doc="" combined="" pass="0" fail="1">call</stat>
<stat info="" links="" doc="" combined="" pass="0" fail="1">phone</stat>
<stat info="" links="" doc="" combined="" pass="1" fail="1">user1</stat>
</tag>
<suite>
<stat fail="1" pass="1" id="s1" name="Rf Phone Demo">Rf Phone Demo</stat>
</suite>
</statistics>
<errors>
</errors>
</robot>
