[
    {
        "created": "20150306142257746",
        "text": "|!name |!selector |!hint |\n|btn_films_sorties|{\"resource-id\": \"fr.orange.cineday:id/btn_films_sorties\"}|sorties|\n|mes codes|{\"resource-id\": \"\", \"class\": \"android.widget.RelativeLayout\", \"index\": \"2\"}|mes codes|\n|btn_films_prochainement|{\"resource-id\": \"fr.orange.cineday:id/btn_films_prochainement\"}|bientôt|\n|top_title_bar|{\"resource-id\": \"fr.orange.cineday:id/top_title_bar\"}|Orange Cinéday|\n|L\"Art de la fugue|{\"resource-id\": \"fr.orange.cineday:id/films_row\", \"class\": \"android.widget.RelativeLayout\", \"index\": \"1\"}|L\"Art de la fugue|\n|Inherent Vice|{\"resource-id\": \"fr.orange.cineday:id/films_row\", \"class\": \"android.widget.RelativeLayout\", \"index\": \"2\"}|Inherent Vice|\n|L\"Ennemi de la classe|{\"index\": \"4\", \"class\": \"android.widget.RelativeLayout\"}|L\"Ennemi de la classe|\n|Tokyo Fiancée|{\"resource-id\": \"fr.orange.cineday:id/films_row\", \"class\": \"android.widget.RelativeLayout\", \"index\": \"3\"}|Tokyo Fiancée|\n|films|{\"resource-id\": \"\", \"class\": \"android.widget.RelativeLayout\", \"index\": \"0\"}|films|\n|rechercher|{\"resource-id\": \"\", \"class\": \"android.widget.RelativeLayout\", \"index\": \"3\"}|rechercher|\n|salles|{\"resource-id\": \"\", \"class\": \"android.widget.RelativeLayout\", \"index\": \"1\"}|salles|\n|Chappie|{\"resource-id\": \"fr.orange.cineday:id/films_row\", \"class\": \"android.widget.RelativeLayout\", \"index\": \"0\"}|Chappie|\n|btn_films_affiche|{\"resource-id\": \"fr.orange.cineday:id/btn_films_affiche\"}|à l\"affiche|\n|films_listview|{\"resource-id\": \"fr.orange.cineday:id/films_listview\"}|Chappie|\n",
        "title": "New Tiddler 1",
        "tags": "",
        "modified": "20150306151216574"
    }
]