<?xml version='1.0' encoding='UTF-8' standalone='yes' ?><hierarchy rotation="0"><node index="0" text="" resource-id="" class="android.widget.FrameLayout" package="com.sec.android.app.launcher" content-desc="" checkable="false" checked="false" clickable="false" enabled="true" focusable="false" focused="false" scrollable="false" long-clickable="false" password="false" selected="false" bounds="[0,0][1080,1920]"><node index="0" text="" resource-id="" class="android.view.View" package="com.sec.android.app.launcher" content-desc="" checkable="false" checked="false" clickable="true" enabled="true" focusable="false" focused="false" scrollable="false" long-clickable="true" password="false" selected="false" bounds="[0,70][1080,1475]"><node index="1" text="" resource-id="" class="android.view.View" package="com.sec.android.app.launcher" content-desc="Weather" checkable="false" checked="false" clickable="false" enabled="true" focusable="false" focused="false" scrollable="false" long-clickable="true" password="false" selected="false" bounds="[8,90][1073,765]" /><node index="2" text="" resource-id="" class="android.appwidget.AppWidgetHostView" package="com.sec.android.app.launcher" content-desc="Google Search" checkable="false" checked="false" clickable="false" enabled="true" focusable="false" focused="false" scrollable="false" long-clickable="true" password="false" selected="false" bounds="[8,780][1073,1110]"><node index="0" text="" resource-id="com.google.android.googlequicksearchbox:id/search_plate" class="android.widget.LinearLayout" package="com.google.android.googlequicksearchbox" content-desc="" checkable="false" checked="false" clickable="true" enabled="true" focusable="false" focused="false" scrollable="false" long-clickable="false" password="false" selected="false" bounds="[20,873][1061,1017]"><node index="0" text="" resource-id="com.google.android.googlequicksearchbox:id/search_edit_frame" class="android.widget.LinearLayout" package="com.google.android.googlequicksearchbox" content-desc="Search" checkable="false" checked="false" clickable="true" enabled="true" focusable="false" focused="false" scrollable="false" long-clickable="false" password="false" selected="false" bounds="[44,873][917,1017]" /><node index="1" text="" resource-id="com.google.android.googlequicksearchbox:id/search_widget_voice_btn" class="android.widget.ImageButton" package="com.google.android.googlequicksearchbox" content-desc="Voice Search" checkable="false" checked="false" clickable="true" enabled="true" focusable="true" focused="false" scrollable="false" long-clickable="false" password="false" selected="false" bounds="[917,873][1037,1017]" /></node></node><node index="3" text="Google" resource-id="" class="android.widget.TextView" package="com.sec.android.app.launcher" content-desc="Google Folder" checkable="false" checked="false" clickable="true" enabled="true" focusable="true" focused="false" scrollable="false" long-clickable="true" password="false" selected="false" bounds="[8,1125][263,1455]" /><node index="4" text="Orange et moi" resource-id="" class="android.widget.TextView" package="com.sec.android.app.launcher" content-desc="Orange et moi" checkable="false" checked="false" clickable="true" enabled="true" focusable="true" focused="false" scrollable="false" long-clickable="true" password="false" selected="false" bounds="[278,1125][533,1455]" /><node index="5" text="Deezer" resource-id="" class="android.widget.TextView" package="com.sec.android.app.launcher" content-desc="Deezer" checkable="false" checked="false" clickable="true" enabled="true" focusable="true" focused="false" scrollable="false" long-clickable="true" password="false" selected="false" bounds="[548,1125][803,1455]" /><node index="6" text="Play Store" resource-id="" class="android.widget.TextView" package="com.sec.android.app.launcher" content-desc="Play Store" checkable="false" checked="false" clickable="true" enabled="true" focusable="true" focused="false" scrollable="false" long-clickable="true" password="false" selected="false" bounds="[818,1125][1073,1455]" /></node><node index="1" text="" resource-id="com.sec.android.app.launcher:id/hotseat" class="android.widget.FrameLayout" package="com.sec.android.app.launcher" content-desc="" checkable="false" checked="false" clickable="false" enabled="true" focusable="false" focused="false" scrollable="false" long-clickable="false" password="false" selected="false" bounds="[0,1590][1080,1920]"><node index="0" text="" resource-id="com.sec.android.app.launcher:id/layout" class="android.view.View" package="com.sec.android.app.launcher" content-desc="" checkable="false" checked="false" clickable="false" enabled="true" focusable="false" focused="false" scrollable="false" long-clickable="false" password="false" selected="false" bounds="[0,1599][1080,1911]"><node index="0" text="Phone" resource-id="" class="android.widget.TextView" package="com.sec.android.app.launcher" content-desc="Phone" checkable="false" checked="false" clickable="true" enabled="true" focusable="true" focused="false" scrollable="false" long-clickable="true" password="false" selected="false" bounds="[0,1599][216,1875]" /><node index="1" text="Camera" resource-id="" class="android.widget.TextView" package="com.sec.android.app.launcher" content-desc="Camera" checkable="false" checked="false" clickable="true" enabled="true" focusable="true" focused="false" scrollable="false" long-clickable="true" password="false" selected="false" bounds="[216,1599][432,1875]" /><node index="2" text="Messages" resource-id="" class="android.widget.TextView" package="com.sec.android.app.launcher" content-desc="Messages" checkable="false" checked="false" clickable="true" enabled="true" focusable="true" focused="false" scrollable="false" long-clickable="true" password="false" selected="false" bounds="[432,1599][648,1875]" /><node index="3" text="Internet" resource-id="" class="android.widget.TextView" package="com.sec.android.app.launcher" content-desc="Internet" checkable="false" checked="false" clickable="true" enabled="true" focusable="true" focused="false" scrollable="false" long-clickable="true" password="false" selected="false" bounds="[648,1599][864,1875]" /><node index="4" text="Apps" resource-id="com.sec.android.app.launcher:id/home_allAppsIcon" class="android.widget.TextView" package="com.sec.android.app.launcher" content-desc="Applications" checkable="false" checked="false" clickable="true" enabled="true" focusable="true" focused="false" scrollable="false" long-clickable="false" password="false" selected="false" bounds="[864,1599][1080,1875]" /></node></node></node></hierarchy>
