<?xml version="1.0" encoding="UTF-8"?>
<robot generated="20150910 12:36:49.262" generator="Robot 2.9.1 (Python 2.7.3 on darwin)">
<suite source="/Users/cocoon/Documents/hgclones/droyd/droydclient/demo/rf_phone_demo.robot" id="s1" name="Rf Phone Demo">
<test id="s1-t1" name="connected devices 1">
<kw name="Macro adb devices">
<doc>return list of connected devices</doc>
<msg timestamp="20150910 12:36:49.469" level="TRACE">Arguments: [  ]</msg>
<kw name="Adb Devices" library="droydclient.robot_plugin.Pilot">
<doc>    list of android connected devices</doc>
<assign>
<var>${devices}</var>
</assign>
<msg timestamp="20150910 12:36:49.470" level="TRACE">Arguments: [  ]</msg>
<msg timestamp="20150910 12:36:49.493" level="TRACE">Return: [[b'0a9b2e63', b'device'], [b'95d03672', b'device']]</msg>
<msg timestamp="20150910 12:36:49.494" level="INFO">${devices} = [['0a9b2e63', 'device'], ['95d03672', 'device']]</msg>
<status status="PASS" endtime="20150910 12:36:49.494" starttime="20150910 12:36:49.469"></status>
</kw>
<kw name="Log List" library="Collections">
<doc>Logs the length and contents of the ``list`` using given ``level``.</doc>
<arguments>
<arg>${devices}</arg>
</arguments>
<msg timestamp="20150910 12:36:49.496" level="TRACE">Arguments: [ [[b'0a9b2e63', b'device'], [b'95d03672', b'device']] ]</msg>
<msg timestamp="20150910 12:36:49.496" level="INFO">List length is 2 and it contains following items:
0: ['0a9b2e63', 'device']
1: ['95d03672', 'device']</msg>
<msg timestamp="20150910 12:36:49.496" level="TRACE">Return: None</msg>
<status status="PASS" endtime="20150910 12:36:49.497" starttime="20150910 12:36:49.495"></status>
</kw>
<kw name="Return From Keyword" library="BuiltIn">
<doc>Returns from the enclosing user keyword.</doc>
<arguments>
<arg>${devices}</arg>
</arguments>
<msg timestamp="20150910 12:36:49.497" level="TRACE">Arguments: [ '${devices}' ]</msg>
<msg timestamp="20150910 12:36:49.498" level="INFO">Returning from the enclosing user keyword.</msg>
<status status="PASS" endtime="20150910 12:36:49.498" starttime="20150910 12:36:49.497"></status>
</kw>
<msg timestamp="20150910 12:36:49.498" level="TRACE">Return: [[b'0a9b2e63', b'device'], [b'95d03672', b'device']]</msg>
<status status="PASS" endtime="20150910 12:36:49.499" starttime="20150910 12:36:49.468"></status>
</kw>
<doc>list connected devices</doc>
<status status="PASS" endtime="20150910 12:36:49.499" critical="yes" starttime="20150910 12:36:49.467"></status>
</test>
<test id="s1-t2" name="simple_call">
<kw name="Unit Simple Call">
<doc>UserA call userB , userB answers call , sleep n seconds, userA hangup</doc>
<arguments>
<arg>${Alice}</arg>
<arg>${Bob}</arg>
<arg>${Bob_number}</arg>
</arguments>
<msg timestamp="20150910 12:36:49.502" level="TRACE">Arguments: [ ${userA}='95d03672' | ${userB}='0a9b2e63' | ${number}='0688935353' | ${sleep}='2' ]</msg>
<kw name="Open Session" library="droydclient.robot_plugin.Pilot">
<doc>:param device_ids:</doc>
<arguments>
<arg>${userA}</arg>
<arg>${userB}</arg>
</arguments>
<msg timestamp="20150910 12:36:49.503" level="TRACE">Arguments: [ '95d03672' | '0a9b2e63' ]</msg>
<msg timestamp="20150910 12:36:49.703" level="TRACE">Return: None</msg>
<status status="PASS" endtime="20150910 12:36:49.704" starttime="20150910 12:36:49.503"></status>
</kw>
<kw name="Macro Home">
<doc>return to home screen</doc>
<arguments>
<arg>${userA}</arg>
</arguments>
<msg timestamp="20150910 12:36:49.705" level="TRACE">Arguments: [ ${user}='95d03672' ]</msg>
<kw name="Macro Unlock Screen">
<doc>unlock screen if necessary</doc>
<arguments>
<arg>${user}</arg>
</arguments>
<msg timestamp="20150910 12:36:49.706" level="TRACE">Arguments: [ ${user}='95d03672' ]</msg>
<kw name="Turn On Screen" library="droydclient.robot_plugin.Pilot">
<arguments>
<arg>${user}</arg>
</arguments>
<msg timestamp="20150910 12:36:49.707" level="TRACE">Arguments: [ '95d03672' ]</msg>
<msg timestamp="20150910 12:36:49.734" level="TRACE">Return: None</msg>
<status status="PASS" endtime="20150910 12:36:49.735" starttime="20150910 12:36:49.707"></status>
</kw>
<kw name="Get Device Info" library="droydclient.robot_plugin.Pilot">
<arguments>
<arg>${user}</arg>
</arguments>
<assign>
<var>${device_info}</var>
</assign>
<msg timestamp="20150910 12:36:49.736" level="TRACE">Arguments: [ '95d03672' ]</msg>
<msg timestamp="20150910 12:36:50.295" level="TRACE">Return: {'currentPackageName': 'com.android.phone', 'displayHeight': 1920, 'displayRotation': 0, 'displaySizeDpX': 360, 'displaySizeDpY': 640, 'displayWidth': 1080, 'naturalOrientation': True, 'productName': 'kccat6xx', 'sdkInt': 19}</msg>
<msg timestamp="20150910 12:36:50.295" level="INFO">${device_info} = {u'displayRotation': 0, u'displaySizeDpY': 640, u'displaySizeDpX': 360, u'displayWidth': 1080, u'productName': u'kccat6xx', u'currentPackageName': u'com.android.phone', u'sdkInt': 19, u'displayHeight'...</msg>
<status status="PASS" endtime="20150910 12:36:50.296" starttime="20150910 12:36:49.735"></status>
</kw>
<kw name="Get From Dictionary" library="Collections">
<doc>Returns a value from the given ``dictionary`` based on the given ``key``.</doc>
<arguments>
<arg>${device_info}</arg>
<arg>currentPackageName</arg>
</arguments>
<assign>
<var>${package_name}</var>
</assign>
<msg timestamp="20150910 12:36:50.297" level="TRACE">Arguments: [ {'currentPackageName': 'com.android.phone', 'displayHeight': 1920, 'displayRotation': 0, 'displaySizeDpX': 360, 'displaySizeDpY': 640, 'displayWidth': 1080, 'naturalOrientation': True, 'productName': 'kccat6xx', 'sdkInt': 19} | 'currentPackageName' ]</msg>
<msg timestamp="20150910 12:36:50.297" level="TRACE">Return: 'com.android.phone'</msg>
<msg timestamp="20150910 12:36:50.298" level="INFO">${package_name} = com.android.phone</msg>
<status status="PASS" endtime="20150910 12:36:50.298" starttime="20150910 12:36:50.296"></status>
</kw>
<kw name="Log" library="BuiltIn">
<doc>Logs the given message with the given level.</doc>
<arguments>
<arg>${package_name}</arg>
</arguments>
<msg timestamp="20150910 12:36:50.299" level="TRACE">Arguments: [ 'com.android.phone' ]</msg>
<msg timestamp="20150910 12:36:50.299" level="INFO">com.android.phone</msg>
<msg timestamp="20150910 12:36:50.299" level="TRACE">Return: None</msg>
<status status="PASS" endtime="20150910 12:36:50.300" starttime="20150910 12:36:50.298"></status>
</kw>
<kw name="Return From Keyword If" library="BuiltIn">
<doc>Returns from the enclosing user keyword if ``condition`` is true.</doc>
<arguments>
<arg>'${package_name}' != 'com.android.keyguard'</arg>
</arguments>
<msg timestamp="20150910 12:36:50.300" level="TRACE">Arguments: [ "'com.android.phone' != 'com.android.keyguard'" ]</msg>
<msg timestamp="20150910 12:36:50.302" level="INFO">Returning from the enclosing user keyword.</msg>
<status status="PASS" endtime="20150910 12:36:50.303" starttime="20150910 12:36:50.300"></status>
</kw>
<msg timestamp="20150910 12:36:50.304" level="TRACE">Return: None</msg>
<status status="PASS" endtime="20150910 12:36:50.304" starttime="20150910 12:36:49.706"></status>
</kw>
<kw name="Press Home" library="droydclient.robot_plugin.Pilot">
<arguments>
<arg>${user}</arg>
</arguments>
<msg timestamp="20150910 12:36:50.306" level="TRACE">Arguments: [ '95d03672' ]</msg>
<msg timestamp="20150910 12:36:51.364" level="TRACE">Return: None</msg>
<status status="PASS" endtime="20150910 12:36:51.364" starttime="20150910 12:36:50.305"></status>
</kw>
<kw name="Press Home" library="droydclient.robot_plugin.Pilot">
<arguments>
<arg>${user}</arg>
</arguments>
<msg timestamp="20150910 12:36:51.365" level="TRACE">Arguments: [ '95d03672' ]</msg>
<msg timestamp="20150910 12:36:52.386" level="TRACE">Return: None</msg>
<status status="PASS" endtime="20150910 12:36:52.387" starttime="20150910 12:36:51.365"></status>
</kw>
<msg timestamp="20150910 12:36:52.388" level="TRACE">Return: None</msg>
<status status="PASS" endtime="20150910 12:36:52.388" starttime="20150910 12:36:49.704"></status>
</kw>
<kw name="Macro Quick Launch Phone">
<doc>launch phone application from home screen with hot key</doc>
<arguments>
<arg>${userA}</arg>
</arguments>
<msg timestamp="20150910 12:36:52.390" level="TRACE">Arguments: [ ${user}='95d03672' ]</msg>
<kw name="Click" library="droydclient.robot_plugin.Pilot">
<arguments>
<arg>${user}</arg>
<arg>className=android.widget.TextView</arg>
<arg>packageName=com.sec.android.app.launcher</arg>
<arg>text=Phone</arg>
</arguments>
<msg timestamp="20150910 12:36:52.391" level="TRACE">Arguments: [ '95d03672' | className='android.widget.TextView' | packageName='com.sec.android.app.launcher' | text='Phone' ]</msg>
<msg timestamp="20150910 12:36:52.479" level="TRACE">Return: None</msg>
<status status="PASS" endtime="20150910 12:36:52.480" starttime="20150910 12:36:52.391"></status>
</kw>
<msg timestamp="20150910 12:36:52.480" level="TRACE">Return: None</msg>
<status status="PASS" endtime="20150910 12:36:52.481" starttime="20150910 12:36:52.389"></status>
</kw>
<kw name="Macro Phone Keypad">
<doc>select keypad in phone application</doc>
<arguments>
<arg>${userA}</arg>
</arguments>
<msg timestamp="20150910 12:36:52.482" level="TRACE">Arguments: [ ${user}='95d03672' ]</msg>
<kw name="Click" library="droydclient.robot_plugin.Pilot">
<arguments>
<arg>${user}</arg>
<arg>className=android.app.ActionBar$Tab</arg>
<arg>packageName=com.android.contacts</arg>
<arg>index=0</arg>
</arguments>
<msg timestamp="20150910 12:36:52.483" level="TRACE">Arguments: [ '95d03672' | className='android.app.ActionBar$Tab' | packageName='com.android.contacts' | index='0' ]</msg>
<msg timestamp="20150910 12:36:56.689" level="TRACE">Return: None</msg>
<status status="PASS" endtime="20150910 12:36:56.690" starttime="20150910 12:36:52.482"></status>
</kw>
<msg timestamp="20150910 12:36:56.690" level="TRACE">Return: None</msg>
<status status="PASS" endtime="20150910 12:36:56.691" starttime="20150910 12:36:52.481"></status>
</kw>
<kw name="Dump" library="droydclient.robot_plugin.Pilot">
<doc>:param selfself:</doc>
<arguments>
<arg>${userA}</arg>
</arguments>
<msg timestamp="20150910 12:36:56.692" level="TRACE">Arguments: [ '95d03672' ]</msg>
<msg timestamp="20150910 12:36:56.840" level="TRACE">Return: '/Users/cocoon/Documents/hgclones/droyd/droydclient/demo/95d03672-20150910123656.uix'</msg>
<status status="PASS" endtime="20150910 12:36:56.840" starttime="20150910 12:36:56.691"></status>
</kw>
<kw name="Screenshot" library="droydclient.robot_plugin.Pilot">
<doc>:param user: str , the device id or user  (eg Alice ... )</doc>
<arguments>
<arg>${userA}</arg>
</arguments>
<msg timestamp="20150910 12:36:56.841" level="TRACE">Arguments: [ '95d03672' ]</msg>
<msg timestamp="20150910 12:36:57.696" html="yes" level="INFO">
&lt;a href="/Users/cocoon/Documents/hgclones/droyd/droydclient/demo/95d03672-20150910123656.png"&gt;&lt;/a&gt;&lt;br&gt;&lt;img src="/Users/cocoon/Documents/hgclones/droyd/droydclient/demo/95d03672-20150910123656.png"&gt;</msg>
<msg timestamp="20150910 12:36:57.697" level="TRACE">Return: '/Users/cocoon/Documents/hgclones/droyd/droydclient/demo/95d03672-20150910123656.png'</msg>
<status status="PASS" endtime="20150910 12:36:57.698" starttime="20150910 12:36:56.841"></status>
</kw>
<kw name="Macro Phone dial number">
<doc>dial number when in phone.keypad</doc>
<arguments>
<arg>${userA}</arg>
<arg>${number}</arg>
</arguments>
<msg timestamp="20150910 12:36:57.699" level="TRACE">Arguments: [ ${user}='95d03672' | ${number}='0688935353' ]</msg>
<kw name="Long Click" library="droydclient.robot_plugin.Pilot">
<arguments>
<arg>${user}</arg>
<arg>resourceId=com.android.contacts:id/digits</arg>
</arguments>
<msg timestamp="20150910 12:36:57.700" level="TRACE">Arguments: [ '95d03672' | resourceId='com.android.contacts:id/digits' ]</msg>
<msg timestamp="20150910 12:36:58.484" level="TRACE">Return: None</msg>
<status status="PASS" endtime="20150910 12:36:58.484" starttime="20150910 12:36:57.700"></status>
</kw>
<kw name="Click" library="droydclient.robot_plugin.Pilot">
<arguments>
<arg>${user}</arg>
<arg>resourceId=com.android.contacts:id/deleteButton</arg>
</arguments>
<msg timestamp="20150910 12:36:58.485" level="TRACE">Arguments: [ '95d03672' | resourceId='com.android.contacts:id/deleteButton' ]</msg>
<msg timestamp="20150910 12:36:58.671" level="TRACE">Return: None</msg>
<status status="PASS" endtime="20150910 12:36:58.671" starttime="20150910 12:36:58.485"></status>
</kw>
<kw name="Set Text" library="droydclient.robot_plugin.Pilot">
<arguments>
<arg>${user}</arg>
<arg>input_text=${number}</arg>
<arg>resourceId=com.android.contacts:id/digits</arg>
</arguments>
<msg timestamp="20150910 12:36:58.672" level="TRACE">Arguments: [ '95d03672' | input_text='0688935353' | resourceId='com.android.contacts:id/digits' ]</msg>
<msg timestamp="20150910 12:36:59.714" level="TRACE">Return: None</msg>
<status status="PASS" endtime="20150910 12:36:59.714" starttime="20150910 12:36:58.672"></status>
</kw>
<kw name="Click" library="droydclient.robot_plugin.Pilot">
<arguments>
<arg>${user}</arg>
<arg>resourceId=com.android.contacts:id/dialButton</arg>
</arguments>
<msg timestamp="20150910 12:36:59.715" level="TRACE">Arguments: [ '95d03672' | resourceId='com.android.contacts:id/dialButton' ]</msg>
<msg timestamp="20150910 12:36:59.959" level="TRACE">Return: None</msg>
<status status="PASS" endtime="20150910 12:36:59.959" starttime="20150910 12:36:59.714"></status>
</kw>
<msg timestamp="20150910 12:36:59.960" level="TRACE">Return: None</msg>
<status status="PASS" endtime="20150910 12:36:59.960" starttime="20150910 12:36:57.698"></status>
</kw>
<kw name="Macro Home">
<doc>return to home screen</doc>
<arguments>
<arg>${userB}</arg>
</arguments>
<msg timestamp="20150910 12:36:59.962" level="TRACE">Arguments: [ ${user}='0a9b2e63' ]</msg>
<kw name="Macro Unlock Screen">
<doc>unlock screen if necessary</doc>
<arguments>
<arg>${user}</arg>
</arguments>
<msg timestamp="20150910 12:36:59.963" level="TRACE">Arguments: [ ${user}='0a9b2e63' ]</msg>
<kw name="Turn On Screen" library="droydclient.robot_plugin.Pilot">
<arguments>
<arg>${user}</arg>
</arguments>
<msg timestamp="20150910 12:36:59.964" level="TRACE">Arguments: [ '0a9b2e63' ]</msg>
<msg timestamp="20150910 12:36:59.992" level="TRACE">Return: None</msg>
<status status="PASS" endtime="20150910 12:36:59.992" starttime="20150910 12:36:59.964"></status>
</kw>
<kw name="Get Device Info" library="droydclient.robot_plugin.Pilot">
<arguments>
<arg>${user}</arg>
</arguments>
<assign>
<var>${device_info}</var>
</assign>
<msg timestamp="20150910 12:36:59.994" level="TRACE">Arguments: [ '0a9b2e63' ]</msg>
<msg timestamp="20150910 12:37:00.074" level="TRACE">Return: {'currentPackageName': 'com.android.contacts', 'displayHeight': 1920, 'displayRotation': 0, 'displaySizeDpX': 360, 'displaySizeDpY': 640, 'displayWidth': 1080, 'naturalOrientation': True, 'productName': 'kccat6xx', 'sdkInt': 19}</msg>
<msg timestamp="20150910 12:37:00.075" level="INFO">${device_info} = {u'displayRotation': 0, u'displaySizeDpY': 640, u'displaySizeDpX': 360, u'displayWidth': 1080, u'productName': u'kccat6xx', u'currentPackageName': u'com.android.contacts', u'sdkInt': 19, u'displayHeig...</msg>
<status status="PASS" endtime="20150910 12:37:00.075" starttime="20150910 12:36:59.993"></status>
</kw>
<kw name="Get From Dictionary" library="Collections">
<doc>Returns a value from the given ``dictionary`` based on the given ``key``.</doc>
<arguments>
<arg>${device_info}</arg>
<arg>currentPackageName</arg>
</arguments>
<assign>
<var>${package_name}</var>
</assign>
<msg timestamp="20150910 12:37:00.076" level="TRACE">Arguments: [ {'currentPackageName': 'com.android.contacts', 'displayHeight': 1920, 'displayRotation': 0, 'displaySizeDpX': 360, 'displaySizeDpY': 640, 'displayWidth': 1080, 'naturalOrientation': True, 'productName': 'kccat6xx', 'sdkInt': 19} | 'currentPackageName' ]</msg>
<msg timestamp="20150910 12:37:00.077" level="TRACE">Return: 'com.android.contacts'</msg>
<msg timestamp="20150910 12:37:00.078" level="INFO">${package_name} = com.android.contacts</msg>
<status status="PASS" endtime="20150910 12:37:00.078" starttime="20150910 12:37:00.075"></status>
</kw>
<kw name="Log" library="BuiltIn">
<doc>Logs the given message with the given level.</doc>
<arguments>
<arg>${package_name}</arg>
</arguments>
<msg timestamp="20150910 12:37:00.080" level="TRACE">Arguments: [ 'com.android.contacts' ]</msg>
<msg timestamp="20150910 12:37:00.081" level="INFO">com.android.contacts</msg>
<msg timestamp="20150910 12:37:00.081" level="TRACE">Return: None</msg>
<status status="PASS" endtime="20150910 12:37:00.081" starttime="20150910 12:37:00.079"></status>
</kw>
<kw name="Return From Keyword If" library="BuiltIn">
<doc>Returns from the enclosing user keyword if ``condition`` is true.</doc>
<arguments>
<arg>'${package_name}' != 'com.android.keyguard'</arg>
</arguments>
<msg timestamp="20150910 12:37:00.083" level="TRACE">Arguments: [ "'com.android.contacts' != 'com.android.keyguard'" ]</msg>
<msg timestamp="20150910 12:37:00.085" level="INFO">Returning from the enclosing user keyword.</msg>
<status status="PASS" endtime="20150910 12:37:00.085" starttime="20150910 12:37:00.082"></status>
</kw>
<msg timestamp="20150910 12:37:00.085" level="TRACE">Return: None</msg>
<status status="PASS" endtime="20150910 12:37:00.086" starttime="20150910 12:36:59.963"></status>
</kw>
<kw name="Press Home" library="droydclient.robot_plugin.Pilot">
<arguments>
<arg>${user}</arg>
</arguments>
<msg timestamp="20150910 12:37:00.086" level="TRACE">Arguments: [ '0a9b2e63' ]</msg>
<msg timestamp="20150910 12:37:01.145" level="TRACE">Return: None</msg>
<status status="PASS" endtime="20150910 12:37:01.146" starttime="20150910 12:37:00.086"></status>
</kw>
<kw name="Press Home" library="droydclient.robot_plugin.Pilot">
<arguments>
<arg>${user}</arg>
</arguments>
<msg timestamp="20150910 12:37:01.147" level="TRACE">Arguments: [ '0a9b2e63' ]</msg>
<msg timestamp="20150910 12:37:02.162" level="TRACE">Return: None</msg>
<status status="PASS" endtime="20150910 12:37:02.163" starttime="20150910 12:37:01.146"></status>
</kw>
<msg timestamp="20150910 12:37:02.163" level="TRACE">Return: None</msg>
<status status="PASS" endtime="20150910 12:37:02.164" starttime="20150910 12:36:59.961"></status>
</kw>
<kw name="Macro Quick Launch Phone">
<doc>launch phone application from home screen with hot key</doc>
<arguments>
<arg>${userB}</arg>
</arguments>
<msg timestamp="20150910 12:37:02.166" level="TRACE">Arguments: [ ${user}='0a9b2e63' ]</msg>
<kw name="Click" library="droydclient.robot_plugin.Pilot">
<arguments>
<arg>${user}</arg>
<arg>className=android.widget.TextView</arg>
<arg>packageName=com.sec.android.app.launcher</arg>
<arg>text=Phone</arg>
</arguments>
<msg timestamp="20150910 12:37:02.168" level="TRACE">Arguments: [ '0a9b2e63' | className='android.widget.TextView' | packageName='com.sec.android.app.launcher' | text='Phone' ]</msg>
<msg timestamp="20150910 12:37:02.229" level="TRACE">Return: None</msg>
<status status="PASS" endtime="20150910 12:37:02.230" starttime="20150910 12:37:02.167"></status>
</kw>
<msg timestamp="20150910 12:37:02.230" level="TRACE">Return: None</msg>
<status status="PASS" endtime="20150910 12:37:02.230" starttime="20150910 12:37:02.165"></status>
</kw>
<kw name="Macro Phone wait incoming call">
<doc>wait for an incoming call</doc>
<arguments>
<arg>${userB}</arg>
</arguments>
<msg timestamp="20150910 12:37:02.231" level="TRACE">Arguments: [ ${user}='0a9b2e63' | ${timeout}='10000' ]</msg>
<kw name="Wait For Exists" library="droydclient.robot_plugin.Pilot">
<arguments>
<arg>${user}</arg>
<arg>timeout=${timeout}</arg>
<arg>resourceId=com.android.incallui:id/popup_call_state</arg>
</arguments>
<assign>
<var>${call}</var>
</assign>
<msg timestamp="20150910 12:37:02.233" level="TRACE">Arguments: [ '0a9b2e63' | timeout='10000' | resourceId='com.android.incallui:id/popup_call_state' ]</msg>
<msg timestamp="20150910 12:37:13.139" level="TRACE">Return: False</msg>
<msg timestamp="20150910 12:37:13.140" level="INFO">${call} = False</msg>
<status status="PASS" endtime="20150910 12:37:13.140" starttime="20150910 12:37:02.232"></status>
</kw>
<kw name="Return From Keyword If" library="BuiltIn">
<doc>Returns from the enclosing user keyword if ``condition`` is true.</doc>
<arguments>
<arg>${call} == True</arg>
</arguments>
<msg timestamp="20150910 12:37:13.141" level="TRACE">Arguments: [ 'False == True' ]</msg>
<msg timestamp="20150910 12:37:13.143" level="TRACE">Return: None</msg>
<status status="PASS" endtime="20150910 12:37:13.144" starttime="20150910 12:37:13.141"></status>
</kw>
<kw name="Fail" library="BuiltIn">
<doc>Fails the test with the given message and optionally alters its tags.</doc>
<arguments>
<arg>msg=no incoming call received</arg>
</arguments>
<msg timestamp="20150910 12:37:13.144" level="TRACE">Arguments: [ msg='no incoming call received' ]</msg>
<msg timestamp="20150910 12:37:13.145" level="FAIL">no incoming call received</msg>
<msg timestamp="20150910 12:37:13.145" level="DEBUG">Traceback (most recent call last):
  None</msg>
<status status="FAIL" endtime="20150910 12:37:13.146" starttime="20150910 12:37:13.144"></status>
</kw>
<status status="FAIL" endtime="20150910 12:37:13.146" starttime="20150910 12:37:02.231"></status>
</kw>
<status status="FAIL" endtime="20150910 12:37:13.147" starttime="20150910 12:36:49.501"></status>
</kw>
<doc>userA call userB , userB answers call , sleep 2 , userA hangups</doc>
<status status="FAIL" endtime="20150910 12:37:13.148" critical="yes" starttime="20150910 12:36:49.500">no incoming call received</status>
</test>
<doc>demo for droydhub

export RF_HUB_URL=http://hub.com:5000
pybot -L trace -P ../ rf_native_hub.txt
</doc>
<status status="FAIL" endtime="20150910 12:37:13.150" starttime="20150910 12:36:49.267"></status>
</suite>
<statistics>
<total>
<stat fail="1" pass="1">Critical Tests</stat>
<stat fail="1" pass="1">All Tests</stat>
</total>
<tag>
</tag>
<suite>
<stat fail="1" id="s1" name="Rf Phone Demo" pass="1">Rf Phone Demo</stat>
</suite>
</statistics>
<errors>
<msg timestamp="20150910 12:36:49.450" level="ERROR">Error in test library 'droydclient.robot_plugin.Pilot': Creating keyword 'Snapshot' failed: Keyword with same name defined multiple times.</msg>
</errors>
</robot>
